,time,mark,ask,bid,vol
0,44308.89649637832,50338.88044,50360.024324,50317.736557,0.0
